1,100,100,Mụ phù thuỷ xấu xa,3/5/2023,20:05
1,100,100,Mụ phù thuỷ xấu xa,3/5/2023,22:05
1,100,100,Nhà Bà Nữ,3/5/2023,24:00
2,100,51,Spider Man,4/5/2023,10:00
2,100,80,Spider Man,4/5/2023,14:00
2,100,100,Captain America,4/5/2023,20:00
4,100,100,Mụ phù thuỷ xấu xa,3/5/2023,20:05
4,100,100,Ant-Man,4/5/2023,23:25
4,100,100,Ant-Man,2/5/2023,24:00
5,100,100,Cô Dâu 10 Tuổi,4/5/2023,18:00
10,100,100,Fast and Furious 11,5/5/2023,18:00
9,100,93,Lật Mặt 6,5/5/2023,16:00
9,100,100,Fast and Furious 11,5/5/2023,18:00
2,100,100,Spider Man,4/5/2023,18:00
3,100,97,Captain America,5/5/2023,20:00
1,90,90,Spider Man,2/5/2023,23:05
